Unique ID,Title,Slug,Order,Status,Content,Author ID,Meta Title,Meta Description,Meta Keywords,Link (URL),Featured Image
1,Lorem Title 1,,1,publish,Lorem has a repuation of finding really 1 ,,meta title 1,meta desc 1,keyword 1,https://www.frontsteps.com/,community-1.jpg
2,Lorem Title 2,,2,publish,Lorem has a repuation of finding really 2,,meta title 2,meta desc 2,keyword 2,https://www.google.co.in/,community-2.jpg
3,Lorem Title 3,,3,publish,Lorem has a repuation of finding really 3,,meta title 3,meta desc 3,keyword 3,https://www.frontsteps.com/,community-3.jpg
4,Lorem Title 4,,4,publish,Lorem has a repuation of finding really 4,,meta title 4,meta desc 4,keyword 4,https://www.google.co.in/,community-5.jpg
5,Lorem Title 5,,5,publish,Lorem has a repuation of finding really 5,,meta title 5,meta desc 5,keyword 5,https://www.frontsteps.com/,community-6.jpg
